City,Company,Region,Position,Employment_type,Industry,Standing,Preferred_mj1,Preferred_mj2,Preferred_lang1,Preferred_lang2,Minimum_exp_years,Estimate_minimum_average_salary,
San Francisco,Wish,North CA,Data Analyst,Full time,Computer Software,BA/BS,Computer Science,Math,SQL,PHP,4,67000,
San Jose,FICO,North CA,Artificial intelligence Engineer,Full time,Computer Software,MS,Computer Science,Statistics,Python,Java,1,107869,
Santa Monica,Aptiv,South CA,Machine Learning Computer Engineer,Full time,Computer Software,PH.D.,Computer Engineering,Math,Python,C/C++,2,NA,
Malibu,Aptiv,South CA,Software Engineer,Full time,Electrical Manfacturing,NA,Computer Engineering,Computer Science,C/C++,R,2,87000,
Monica,Aptiv,South CA,Software Engineer,Full time,Computer Software,BS/MS,Computer Science,Computer Engineering,JavaScript,HTML,3,87000,
Los Angeles,Fox Networks Group,South CA,Data Analyst,Internship,Broadcast Media,BS,Computer Science,Applied Mathematics,SQL,R,1,NA,
Santa Clara,Chegg,North CA,Staff Data Scientist,Full time,Information Technology&Services,MS,Sciences,Engineering,SQL,R,5,146464,
Los Angeles,Cyber Coders,South CA,Data Scientist,Internship,Internet,BS,Computer Science,Applied quantitative fields,Python,Scala,1,137548,
Cupertino,Apple,North CA,Data Enginneer,Full time,Consumer Electronic,BS,Computer Science,Engineering,Java,SQL,1,127276,
Cupertino,Apple,North CA,Data Scientist,Full time,Consumer Electronic,MS,Economics or Quantitative Marketing,Engineering,SQL,R,1,141188,
Cupertino,Apple,North CA,Data Analyst,Full time,Consumer Electronic,MS/PH.D,Computer Science,Statistics,SQL,R,1,86573,
Cupertino,Apple,North CA,Apple Operation Sr. Data Analyst,Full time,Consumer Electronic,MS/PH.D,Computer Science,Machine Learning,SQL,Python,1,111588,
San Francisco,Yahoo,North CA,Data Enginneer,Full time,Computer Software,BS/MS,Computer Science,Math,Python,SQL,2,109771,
Cupertino,Apple,North CA,Data Scientist,Full time,Consumer Electronic,MS/PH.D,Computer Science,Statistics,Java,C/C++,4,141188,
San Jose,Qorvo Inc,North CA,IT Data Science,Internship,Consumer Electronics,BS,Computer Science,Data Science,Python,Tableau,1,NA,
Sunnyvale,AgilOne,North CA,Data Analyst Intern,Internship,Marketing and Advertising,BS,Computer Science,Engineering,SQL,TSql,1,NA,
Sunnyvale,Wipro Limited,South CA,Data Scientist,Full time,Information Technology and Services,MS/PH.D,Applied math,Statistics,C/C++,Python,10,NA,
West Hollywood,Uptown Treehouse,South CA,Market Data Science Intern,Internship,Marketing and Advertsing,BS,Machine Learning,Math,Java,HTML,1,NA,
Santa Barbara,CJ Affiliate,South CA,CJâ€™s Account Analyst,Full time,Computer Software,BS,Statistics,Economics,SQL,Python,2,47840,
San Francisco,Coda,North CA,Data Scientist,Full time,Computer Software,NA,Statistics,Computer Science,R,SQL,1,80000,
San Francisco,Firefly,North CA,Data Scientist,Full time,Information Technology and Services,NA,Machine Learning,Computer Science,Python,Java,1,73105,
La Jolla,Altium,South CA,Marketing Data Analyst,Full time,Computer Software,BS,Marketing,Management,SQL,Related Tools for Analysis,2,62829,
Menlo Park,Facebook,North CA,Research Scientist,Full time,Internet,MS/PH.D,Statistics,Related quantitative field,R,C/C++,1,141351,
San Francisco,Frequence,North CA,Data Scientist,Full time,Online Media,MS/PH.D,Math,Statistics,Python,R,1,77028,
San Francisco,Ditto,North CA,Software Engineer,Full time,Computer Software,MS,Computer Science,Computer Engineering,Python,C/C++,5,125652,
San Francisco,Rally Health Company,North CA,"Data Scientist, Marketing",Full time,"Health, Wellness and Fitness",BS/MS,Data Scientist,Marketing,SQL,Python,2,141000,
Del Mar,AuptiX,South CA,Strategic Data Analyst,Full time,Information Technology and Services,BS,Statistics,Math,SQL,Python,1,NA,
San Francisco,Pocket Gems,North CA,Data Scientist,Full time,Computer Games,MS/PH.D,Math,Physics,SQL,Python,5,119000,
Santa Monica,Harnham,South CA,Data Scientist,Full time,Apparel & Fashion,BS,Computer Science,Related quantitative field,SQL,Python,1,NA,
Santa Monica,Goop,South CA,Data Scientist,Full time,Online Media,BS/MS,Computer Science,Machine Learning,SQL,Python,3,134762,
San Francisco,C3 IoT,North CA,Data Scientist,Full time,Information Technology and Services,MS/PH.D,Computer Science,Electrical Engineering,JavaScript,Python,1,157335,
Cupertino,Intelletec,North CA,Product Data Analyst,Full time,Marketing and Advertising,NA,Marketing,Statistics,SQL,Python,5,103246,
Santa Clara County,Netflix,North CA,Senior Data Engineer,Full time,Internet,NA,Software Engineering,Machine Learning,Scala,SQL,1,195394,
Santa Clara County,Netflix,North CA,Senior Data Scientist,Full time,Internet,NA,Computer Science,Engineering,SQL,R,1,182126,
San Jose,Cohesity,North CA,Data Scientist,Full time,Computer Software,MS/PH.D,Computer science,Related quantitative field,SQL,R,5,NA,
Los Angeles,Riot Games,South CA,Technical Data Analyst,Full time,Computer Software,NA,Engineering,Management,SQL,Python,1,72729,
Mountain View,Synopsys,North CA,Senior Data Analyst,Internship,Computer Software,BS,Computer Science,NA,Java,C/C++,1,149000,
Los Angeles,Fox Network Group,South CA,Data Analyst,Internship,Information Technology and Services,MS/PH.D,Computer Science,Machine Learning,SQL,R,1,NA,
San Monica,VelvetJobs,South CA,Data Analyst,Full time,Entertainment,MS,Computer Science,Engineering,SQL,Tableau,1,65470,
Carmel Valley,Itron. Inc.,South CA,Data Analyst,Part time,Information Technology and Services,BS,Math,Engineering,SQL,Related Programming Language,2,84000,
Carmel Valley,Itron. Inc.,South CA,Data Scientist,Full time,Information Technology and Services,BS,Computer Science,Engineering,SQL,Related Programming Language,2,136667,
San Francisco,Paradigm,North CA,Data Scientist,Full time,Financial Service,MS,Statistics,Psychology,R,Related Tools for Analysis,1,94185,
San Mateo,Roblox,North CA,Data Scientist,Full time,Computer Software,NA,Statistics,Economics,R,SQL,1,104000,
San Mateo,Roblox,North CA,Big data engineer,Full time,Computer Software,NA,Computer Science,Statistics,SQL,C/C++,1,100000,
San Francisco,Pocket Gems,North CA,Data Scientist,Full time,Computer Software,MS/PH.D,Math,Economics,SQL,R,5,119000,
San Francisco,Molekule,North CA,Growth Data Analyst,Full time,Computer Hardware,BS/MS,Math,Statistics,R,SQL,1,NA,
Parlier,O'Neill Vintners & Distillers,North CA,Data Analyst,Full time,Wine,BS,Computer Science,Business,SQL,Scala,2,NA,
San Francisco,Glu Mobile,North CA,Data Analyst,Full time,Computer Games,NA,Machine Learning,Statistics,Python,R,3,69670,
Sunnyvale,Google,North CA,Data Enginneer,Full time,Information Service,BS,Computer Science,Related Technical Field,Java Script,Java,1,112280,
Sunnyvale,Google,North CA,Data Analyst,Full time,Information Service,BS/BA,Computer Science,Related Technical Field,SQL,Related Programming Language,5,121817,
San Francisco,Google,North CA,Data Analyst/ Developer Advocate Manager,Full time,Information Service,BS/BA,Computer Science,Software Engineering,R,Related Programming Language,8,100698,
Mountain View,Google,North CA,Online Care Data Analyst,Full time,Information Service,BS,Statistics,Computer Science,SQL,R,1,106000,
Mountain View,Google,North CA,Data Scientist,Full time,Information Service,PH.D,Statistics,Computer Science,R,Python,2,139650,
Oakland,MoonVu,North CA,Data Science,Internship,Capital Markets,BS,Computer Science,Statistics,Python,SQL,2,NA,
San Bruno,Walmart Labs,North CA,Data Scientist,Internship,Computer Software,MS/PH.D,Computer Science,Statistics,MS-Excel/Access,SQL,3,NA,
San Francisco,Taos,North CA,Data Scientist,Full time,Computer Networking,MS/PH.D,Statistics,Computer Science,C/C++,R,5,134000,
Mountain View,23andMe,North CA,Data Scientist,Full time,Information Technology and Services,MS,Statistics,Engineering,R,SQL,5,103624,
Sunnyvale,Cognizant,North CA,Data Scientist,Full time,Information Technology and Services,BS,Sciences,Engineering,Python,Java,3,94210,
Carlsbad,Vaco,South CA,Data Analyst,Contract,Computer Software,BS,Finance,Economics,SQL,Related Programming Language,3,NA,
Los Angeles,Gimbal,South CA,Data Analyst,Full time,Marketing and Advertising,BS/MS,Computer Science,Business,Tableau,MS-Excel/ Google Spread Sheet,3,47000,
San Francisco,Autodesk,North CA,Data Analyst,Full time,Computer Software,BS,Business,Related Technical Field,Tableau,SPSS,2,77000,
Los Angeles,Wimmer Solutions,South CA,Sr. Data Analyst/ Data Scientist,Contract,Pharmaceuticals,NA,Statistics,Related Technical Field,R,Python,5,NA,
San Mateo,Ipsy,North CA,Data Analyst,Full time,Internet,BS/MS,Statistics,Engineering,SQL,Tableau,2,61000,
Irvine,Kelley Blue Book,South CA,Data Scientist,Full time,Information Technology,MS/PH.D,Statistics,Math,SQL,Python,3,88000,
Sunnyvale,Proofpoint,North CA,Data Scientist,Full time,Information Techology,MS/PH.D,Statistics,Machine learning,Python,SQL,1,120000,
San Jose,Affinity Solutions,North CA,Senior Big Data Analyst,Full time,Business Services,BS/MS,Computer Science,Related Technical Field,SQL,Tableau,3,103000,
Sunnyvale,Walmart eCommerce,North CA,Data Scientist,Full time,Information Technology,MS/PH.D,Machine Learning,Data Science,R,Python,2,105000,
Walnut Creek,Yap Stone,North CA,Data Scientist,Full time,Finance,MS/PH.D,Statistics,Math,R,Python,5,101000,
Redlands,Esri,South CA,Data Scientist,Full time,Information Technology,MS/PH.D,Machine Learning,Software Engineering,Python,Java,2,98000,
San Mateo,Ebates,North CA,Data Scientist,Full time,Information Technology,MS,Computer Science,Statistics,SQL,Python,4,107000,
San Francisco,BOLD,North CA,Data Scientist,Full time,Information Technology,BS/MS,Computer Science,Statistics,SQL,Python,3,133000,
San Francisco,Quizlet,North CA,Senior Data Scientist,Full time,Information Technology,MS/PH.D,Statistics,Machine Learning,SQL,Python,5,118000,
Irvine,Golden State Foods,South CA,BI Data Engineer,Full time,Business Services,BS,Biostatistics,Computer Science,SQL,Tableau,3,110000,
Redwood City,Wealthfront,North CA,Quantitative Analyst / Data Scientist,Full time,Finance,BS/MS,Math,Statistics,R,SQL,1,106000,
Emeryville,Nexon M,North CA,Data Engineer,Full time,Media,BS,Computer Science,NA,Python,Java,3,110000,
Fremont,Soraa Inc,South CA,Data Engineer,Full time,Manufacturing,BS,Computer Science,Related Technical Field,Python,Java,5,128000,
San Francisco,Roam,North CA,Data Engineer,Full time,Information Technology,NA,Software Engineering,Computer Science,Python,Spark,1,NA,
San Mateo,Snowflake Computing,North CA,Data Engineer,Full time,Information Technology,NA,Data Engineering,NA,Python,SQL,1,111000,
Foster City,Bailard,North CA,Data Scientist Intern,Internship,Finance,MS/PH.D,Financial Engineering,Statistics,Python,R,1,75000,
Palo Alto,Houzz,North CA,"Data Scientist, Advertising",Full time,Information Technology,All levels,Statistics,Computer Science,Python,R,2,88000,
Santa Monica,Leaf Group,South CA,Data Engineer Intern - Business Intelligence,Internship,Information Technology,BS,Computer Science,Statistics,Python,SQL,1,72000,
San Francisco,Yelp,North CA,Data Scientist - Fall Intern,Internship,Information Technology,All levels,Statistics,Computer Science,Python,SQL,1,71000,
Palo Alto,SAP,North CA,"Intern, Data Scientist",Internship,Information Technology,All levels,Statistics,Computer Science,Java,Python,1,96000,
Mountain View,Nuro,North CA,Intern - Machine Learning Engineer,Internship,Information Technology,MS/PH.D,Machine Learning,Related technical Field,C/C++,Related Programming Language,1,NA,
Milpitas,KLA-Tencor,North CA,Data Analyst Engineering Intern,Internship,Manufacturing,MS/PH.D,Statistics,Machine Learning,R,Python,1,60000,
San Diego,Zebit,South CA,Data Scientist,Full time,Finance,MS,Math,Computer Science,Python,R,2,100000,
Burbank,Irvine Technology Corporation,South CA,Data Analyst/Developer W2 Contract (Sales Cloud),Contract,Business Services,BS/MS,Computer Science,Statistics,SQL,Python,10,50000,
Oakland,Treasurey Wine Estates,North CA,"Data Analyst, Digital Team Intern",Temporary,Information Techology,BA,Statistics,Economics,Outlook,MS Excel,1,NA,
San Francisco,Castlight Health,North CA,Data Engineering Intern,Internship,Information Technology,BS/MS,Computer Science,Related Technical Field,SQL,Python,1,69000,
San Francisco,Alexandria Real Estate Equities,North CA,Data Analyst,Full time,Commercial Real Estate,BS,Math,Statistics,SAS,R,3,NA,
Sunnyvale,CrediBLL Inc,North CA,Machine Learning Engineer,Full time,Computer Software,BS,Computer Science,Engineering,Java,SQL,2,NA,
San Mateo,Ople,North CA,Machine Learning Engineer,Full time,Computer Software,BS/MS,Computer Science,Statistics,SQL,R,1,NA,
Irvine,iHerb Inc,South CA,Data Scientist,Full time,Retail,MS,Computer Science,Statistics,Python,SQL,5,91000,
Los Angeles,GoGuardian,South CA,Data Scientist,Full time,Internet,PHD,Quantitative fields,NA,R,Python,2,84000,
San Mateo,Fanatics Inc,North CA,Data Scientist,Full time,Marketing and Advertising,BS/MS,Statistics,Machine Learning,SQL,R,2,117222,
San Francisco,Tandem Recruiting Group,North CA,Data Engineer,Full time,Computer Software,MS/PH.D,Computer Science,Related Technical Field,Python,Only1,6,NA,
San Francisco,Scion Staffing,North CA,Data Engineer,Full time,Computer Software,NA,Computer Science,NA,Java,C/C++,1,120000,
Santa Clara,"ULINK Technology, Inc.",North CA,Software Engineer,Full time,Computer Software,NA,Computer Science,Software Engineering,C/C++,Storage Interace,3,70150,
San Francisco,Instacart,North CA,Data Engineer,Full time,Information Technology and Services,BS,Computer Science,Engineering,SQL,Perl,1,137000,
Sunnyvale,SiliconTek Inc,North CA,Software Engineer,Contract,Marketing,NA,Computer Science,Related Technical Field,Java,Python,2,NA,
San Jose,ENGIE North America Inc.,North CA,Algorithm & Machine Learning,Internship,Energy Business,MS/PH.D,Computer Science,Related Technical Field,Python,R,1,NA,
Santa Clara,Dataflix Inc,North CA,Data Scientist,Internship,AI,MS,Computer Science,Machine Learning,Python,NoSQL,1,NA,
Sunnyvale,Baidu,North CA,Machine Learning Research,Internship,Internet,PH.D,Computer Science,Related Technical Field,C/C++,Java,1,NA,
San Jose,Cisco,North CA,Data Scientist,Internship,IT and Networking,BS/MS,Computer Science,Math,SQL,R,2,NA,
San Jose,Signifyd,North CA,"Data Scientistm, Risk Analytics",Full time,E-commerce businesses,MS/PH.D,Computer Science,Applied Mathematics,Python,SQL,2,132078,
San Francisco,WeWork Global Technology,North CA,Applied Research Scientist: Machine Learning,Full time,Network platform,MS/PH.D,Computer Science,Related Technical Field,C/C++,Python,1,NA,
San Francisco,Tonal,North CA,"Data Scientist, Analytics",Full time,Hardware/Software,BA/BS,Computer Science,Math,SQL,PHP,5,NA,
San Francisco,Esurance,North CA,Data Analyst,Full time,Insurance,BS,Computer Science,Related Technical Field,SQL,Python,1,70000,
San Francisco,Mozilla,North CA,Data Analyst (Pocket),Full time,Information Technology,BA/BS,Statistics,Math,R,Apache Spark,2,89000,
San Francisco,Wish,North CA,Data Analyst,Full time,Retail,BA/BS,Computer Science,Statistics,SQL,Python,4,67000,
San Francisco,Reddit,North CA,Senior Data Analyst,Full time,Information Technology,BA,Math,Statistics,SQL,R,3,111000,
San Francisco,The E.W. Scripps Company,North CA,"Data Analyst, Stitcher",Full time,Media,BS,Computer Science,Statistics,SQL,Python,1,51000,
Delano,The Wonderful Company LLC,South CA,Data Analyst,Full time,Manufacturing,BS,Business,Engineering,Microsoft Excel,Related Tools for Analysis,2,45000,
Carlsbad,"Gemological Institute of America, Inc.",South CA,Data Analyst ( Business Intelligence),Full time,Non-Profit,BS,Business,Related Technical Field,SQL,PL,1,50000,
San Francisco,MasterClass,North CA,Data Analyst,Full time,Information Technology,BA/BS,Computer Science,Statistics,SQL,R,3,NA,
Hercules,TargetCW,North CA,Data Analyst,Full time,Business Services,BA/BS,Business Administration,Information Systems,SQL,VBA,0,62000,
San Carlos,Natera,North CA,Data Scientist,Full time,Health Care,MS,Statistics,Engineering,Python,Tableau,1,117000,
San Francisco,Stripe,North CA,Data Scientist,Full time,Information Technology,MS/PH.D,Economics,Statistics,R,SQL,3,139000,
San Mateo,Rakuten,North CA,Data Scientist,Full time,Information Technology,MS,Computer Science,Statistics,SQL,Python,2,103000,
Santa Clara,McAfee,North CA,Data Scientist,Full time,Information Technology,MS/PH.D,Computer Science,Engineering,Python,Hive,2,125000,
San Francisco,Eventbrite,North CA,Data Scientist - Risk,Full time,Information Technology,All levels,Machine Learning,Data Mining,SQL,Python,2,90000,
Sunnyvale,AgilOne,North CA,Data Engineer Intern,Internship,Information Technology,BS/BA,Computer Science,Math,SQL,Hive,1,89000,
Emeryville,Vituity,North CA,Data Engineer Intern,Internship,Health Care,All levels,Computer Science,Statistics,SQL,R,1,NA,
Menlo Park,Facebook,North CA,"Research Scientist, News Feed, PhD Internship/Co-op",Internship,Information Technology,MS/PH.D,Computer Science,Related Technical Field,R,Python,1,108000,
San Francisco,HealthTap,North CA,Data Engineer,Full time,Information Technology,BS/MS,Computer Science,Engineering,SQL,Python,3,109000,
Costa Mesa,Experian,South CA,IT Data Automation Engineer,Full time,Finance,All levels,Computer Science,Statistics,SQL,SQS,5,70000,
San Francisco,Centro,North CA,Senior Data Engineer,Full time,Information Technology,BS/BA,Computer Science,Software Engineering,SQL,Python,1,169000,
San Francisco,Instacart,North CA,Senior Data Engineer,Full time,Consumer Services,BS/BA,Computer Science,Engineering,SQL,Python,1,137000,
San Francisco,Avenue Code,North CA,Big data engineer,Full time,Information Technology,BS/BA,Computer Science,Computer Engineering,Python,Scala,5,118000,
Cloverdale,MolyWorks Materials Corporation,North CA,Metallurgical Engineer / Analytical Scientist,Full time,Developing materials,BS,Engineering,Science,Excel,Access,1,NA,
San Francisco,Woebot,North CA,Data Scientist,Full time,Healthcare,BS,Computer Science,Related Technical Field,ML,NLP,1,NA,
Palo Alto,Tencent America LLC,North CA,Data Scientist,Full time,Gaming,MS/PH.D,Machine Learning,Related Technical Field,Python,Java,1,101000,
Redwood City,Carbon3D,North CA,Physical Data Scientist,Full time,Hardware Software,MS/PH.D,Applied Statistic,STEM field,Lab R&D,JavaScript,5,NA,
San Francisco,Niantic Inc,North CA,Data Scientist,Full time,Computer Software,BS/BA,Statistics,Applied Mathematics,SQL,R,1,120000,
San Mateo,Atipica,North CA,Data Scientist,Full time,Computer Software,BS/BA,Math,Statistics,R,SQL,4,NA,
Mountain View,Adecco,North CA,Data Science Analyst,Contract,Consumer Services,NA,Statistics,Related Technical Field,SQL,Python,1,114400,
Palo Alto,Mojio,North CA,Data Scientist,Full time,Information Technology and Services,MS/PH.D,Computer Science,Electrical Engineering,Python,Java,5,101610,
Palo Alto,Landing.ai,North CA,Data Scientist,Full time,Computer Software,BS/MS,Computer Science,Statistics,R,SQL,1,NA,
Palo Alto,Myntra,North CA,Data Scientist,Full time,Computer Software,PH.D,Engineering,Computer Science,Python,R,5,NA,
Alameda,"The Mice Groups, Inc",North CA,Data Scientist,Full time,Computer Software,BS,Computer Science,Related Technical Field,SQL,R,2,125000,
Mountain View,Omlet Inc,North CA,Data Scientist,Full time,Internet,BS/MS,Computer Science,MIS,SQL,R,4,NA,
San Francisco,Calico Life Sciences,North CA,Data Scientist,Full time,Biotechnology,PH.D,Bioinformatics,Computational Biology,Python,SQL,6,125000,
San Francisco,Levi Strauss & Co,North CA,Data Scientist,Full time,Apparel & Fashion,MS/PH.D,Machine Learning,NA,Java,NoSQL,1,128000,
San Francisco,First Republic Bank,North CA,Data Scientist,Full time,Banking,MS/MA,Computer Science,Statistics,SQL,JavaScript,1,109000,
San Francisco,Teradata,North CA,Data Scientist,Full time,Computer Software,MS/PH.D,Computer Science,Engineering,NoSQL,"Cloud(Google, Oracle)",2,82564,
San Francisco,Narvar,North CA,Data Scientist,Full time,Internet,PH.D,Computer Science,Statistics,Python,SQL,3,NA,
San Francisco,Grammarly,North CA,Data Scientist,Full time,Information Technology and Services,All levels,Computer Science,Statistics,SQL,Python,1,95000,
San Francisco,Ancestry,North CA,"Data Scientist, Marketing",Full time,Information Technology and Services,MS/PH.D,Statistics,Mathematics,R,SQL,2,126000,
San Francisco,Flexport,North CA,Data Scientist,Full time,Transportation & Logistics,All levels,Statistics,Related Technical Field,R,SQL,3,130000,
Redwood City,Shutterfly,North CA,Data Scientist,Full time,Information Technology and Services,MS/PH.D,Quantitative fields,NA,R,SAS,2,113000,
San Francisco,Credit Karma,North CA,Data Scientist,Full time,Finance,MS/PH.D,Statistics,Related Technical Field,R,SQL,3,121000,
San Francisco,Clarivate Analytics,North CA,Data Scientist,Full time,Information Technology and Services,BS,Computer Science,Statistics,Java,Scala,1,109000,
San Francisco,"University of California, San Francisco",North CA,Data Scientist,Full time,College / University,BS,Quantitative fields,Related Technical Field,SQL,R,1,112000,
San Francisco,Affirm,North CA,Data Scientist,Full time,Finance,All levels,Machine Learning,Related Technical Field,SQL,R,1,135000,
Los Angeles,Kensho,South CA,Data Scientist,Full time,Information Technology and Services,MS/PH.D,Computer Science,Statistics,Python,R,3,120000,
Pasadena,Kaiser Permanente,South CA,Data Scientist,Full time,Health Care,MS/PH.D,Epidemiology,Math/Statistics,SAS,SQL,8,107000,
Los Angeles,BuzzFeed,South CA,Data Scientist,Full time,Media,NA,Machine Learning,Media,Python,NA,2,96000,
Los Angeles,Assembly,South CA,Data Scientist,Full time,Business Services,BS,Quantitative fields,NA,SQL,Python,1,119000,
Los Angeles,GOAT,South CA,Data Scientist,Full time,Information Technology and Services,All levels,Computer Science,Applied Mathematics,Python,R,1,NA,
Santa Monica,Hulu,South CA,Data Scientist,Full time,Media,MS/PH.D,Computer Science,Economics,R,Python,3,100000,
Los Angeles,Edmunds. com,South CA,Data Scientist,Full time,Media,BS,Quantitative fields,NA,SQL,R,3,106000,
Hollywood,Live Nation Entertainment,South CA,Data Scientist,Full time,Media,MS,Computer Science,Statistics,Java,C/C++,2,94000,
Los Angeles,Lieberman Research Worldwide,South CA,Data Scientist,Full time,Business Services,MS,Computer Science,Computational Mathematics,SQL,NoSQL,1,100000,
Los Angeles,Aspiration,South CA,Data Scientist,Full time,Finance,MS/PH.D,Computer Science,Math,R,Python,3,NA,
Mountain View,American Century Investments,North CA,Data Scientist,Full time,Finance,BS/MS,Computer Science,Statistics,R,Python,5,109000,
Mountain View,Qventus,North CA,Data Scientist,Full time,Information Technology and Services,NA,Machine Learning,Statistics,Python,SQL,4,NA,
San Jose,Hewlett Packard Enterprise,North CA,Data Scientist,Full time,Information Technology and Services,All levels,Computer Science,Statistics,SQL,Python,1,95000,
San Jose,Strivector,North CA,Data Scientist,Full time,Information Technology and Services,MS/PH.D,Quantitative fields,NA,R,SQL,3,NA,
San Jose,ASML,North CA,Data Scientist,Full time,Information Technology and Services,MS/PH.D,Computer Science,Engineering,Python,C/C++,1,136000,
San Francisco,Levi Strauss,North CA,Data Scientist,Part time,Retail,MS/PH.D,Machine learning,Data Mining,Java,R,1,128000,
El Monte,East West Bank,South CA,Data Analyst,Full time,Finance,BS/BA,Business,Engineering,SQL,VBA,2,42000,
San Jose,Paypal,North CA,"Data Analyst, Entry Level (Graduate Degree)",Full time,Information Technology and Services,MS,Computer Science,Statistics,SQL,Python,4,65000,
Palo Alto,Amazon,North CA,"Technical Data Analyst, Search Capacity",Full time,Information Technology and Services,BS/BA,Statistics,Engineering,SQL,Python,1,51000,
San Francisco,Sandbox Studio,North CA,Data Analyst,Full time,Business Services,BS/BA/MS,Computer Science,Engineering,SQL,Related Tools for Analysis	,5,44000,
San Francisco,Pocket Gems,North CA,Data Analyst ( Bay Area),Full time,Unknown,BA/BS,Statistics,Math,SQL,Python,2,NA,
San Francisco,CoStar Group,North CA,Data Analyst,Full time,Information Technology,BA/BS,Research/Marketing Field,Related Technical Field,SQL,Excel,1,66000,
San Mateo,NCSOFT,North CA,Data Analyst,Full time,Media,BA/BS,Computer Science,Statistics,SQL,Related Tools for Analysis,1,61000,
Oakland,Roofstock,North CA,Data Analyst,Full time,Real Estate,BA/BS,Computer Science,Statistics,SQL,Python,3,56000,
Mountain View,"Quora, Inc.",North CA,Data Scientist,Internship,Information Technology and Services,All levels,Quantitative fields,NA,SQL,Python,1,125000,
Mountain View,Study. com,North CA,Data Analyst,Full time,Education,BS,Math,Statistics,R,C/C++,4,58000,
Mountain View,Raybeam,North CA,Data Analyst,Full time,Business Services,MS/MBA,Computer Science,Business,SQL,Ruby,1,NA,
Mountain View,Livongo,North CA,Data Scientist,Full time,Information Technology and Services,BS/MS,Sciences,Healthcare,R,SQL,1,NA,
Mountain View,Streetline,North CA,Data Scientist,Full time,Information Technology and Services,MS/PH.D,Statistics,Machine Learning,R,Python,5,115000,
Foster City,Bailard,North CA,Data Scientist,Internship,Finance,MS/PH.D,Financial Engineering,Math,VBA,SQL,1,75000,
San Francisco,ThirdLove,North CA,Data Analyst,Full time,Retail,BA/BS,Statistics,Math,SQL,Tableau,3,63000,
San Francisco,Shift,North CA,Data Analyst,Full time,Information Technology,BA/BS,Statistics,Related Technical Field,SQL,Python,1,65000,
San Francisco,Doximity,North CA,Data Analyst,Full time,Information Technology,BS/MS,Quantitative fields,NA,SQL,Python,2,90000,
San Francisco,Zynga,North CA,"Data Analyst 3, Growth",Full time,Media,BA/BS,Statistics,Computer Science,SQL,R,5,85000,
San Francisco,Dropbox,North CA,People Data Analyst,Full time,Information Technology and Services,BA/BS,Data Science,Economics,Excel,Qualtrics,5,75000,
San Francisco,Dialpad,North CA,Data Engineer,Full time,Telecommunications,All levels,Computer Science,Software Engineering,Python,NoSQL,1,123000,
San Mateo,Coupa Software,North CA,Data Engineer,Full time,Information Technology and Services,BA/BS,Computer Science,Engineering,SQL,Python,5,138000,
San Francisco,Wood Mackenzie,North CA,"Data Engineer, Power & Renewables",Full time,Business Services,All levels,Computer Science,Engineering,Python,R,1,124000,
San Francisco,TokBox,North CA,Senior Big Data Engineer,Full time,Telecommunications,All levels,Machine Learning,Related Technical Field,Java,SQL,1,181000,
Santa Monica,Brighter,South CA,Data Engineer,Full time,Information Technology and Services,All levels,Engineering,Related Technical Field,SQL,Python,5,106000,
Los Angeles,Honey,South CA,Senior Data Engineer,Full time,Information Technology and Services,All levels,Engineering,Related Technical Field,SQL,Scala,5,NA,
Los Angeles,Solver,South CA,Software Engineer,Full time,Information Technology and Services,BA/BS,Computer Science,Engineering,C/C++,SQL,2,76000,
Santa Monica,CaseStack,South CA,"Software Engineer, Data",Full time,Transportation & Logistics,All levels,Data Related Field,NA,SQL,NoSQL,4,95000,
Los Angeles,Dunn-Edwards,South CA,Network Engineer,Full time,Manfacturing,All levels,Computer Science,Electrical Engineering,NA,LAN/WAN Interfacing,5,56000,
Los Angeles,Grindr,South CA,Product Data Analyst,Full time,Information Technology and Services,All levels,Marketing,Related Technical Field,SQL,Tableau,3,52000,
San Diego,Encore Capital Group,South CA,Data Analyst,Full time,Finance,BS,Quantitative fields,NA,SQL,SAS,1,47000,
San Diego,SweetLabs,South CA,BI Data Analyst,Full time,Information Technology and Services,All levels,Math,Engineering,SQL,Python,1,57000,
San Diego,HP Inc,South CA,Data Analyst,Full time,Information Technology and Services,BS/MS,Computer Science,Math,Looker,SQL,2,57000,
San Diego,Veyo,South CA,Data Analyst,Full time,Transportation & Logistics,BS,Math,Computer Science,SQL,R,2,37000,
San Diego,Novelty Media,South CA,Data Analyst,Full time,Media,BS/BA,Business,Economics,MS Excel,SQL,3,NA,
San Diego,ResMed,South CA,Data Analyst,Full time,Biotech & Pharmaceuticals,BS,Computer Science,Statistics,SQL,R,3,50000,
San Diego,Motive Interactive,South CA,Data Analyst,Full time,Information Technology and Services,MS,Math,Statistics,SQL,Python,2,38000,
San Diego,Sharp HealthCare,South CA,Data Analyst,Full time,Health Care,BS,Healthcare,Business,SQL,PowerBI,1,NA,
Jamul,Jamul Casino,South CA,Data Analyst,Full time,"Arts, Entertainment & Recreation",All levels,Finance,Accounting,Tableau,SQL,1,43000,
La Jolla,Altium,South CA,Marketing Data Analyst,Full time,Information Technology and Services,BS,Quantitative fields,NA,Tableau,PowerBI,2,42000,
San Diego,First Data,South CA,Data Analyst,Full time,Finance,BS/MS,Computer Science,"Applied Mathematics,",SQL,Looker,2,35000,
San Diego,Teradata,South CA,Data Scientist,Full time,Information Technology and Services,MS/PH.D,Math,Statistics,Matlab,Octave,5,83000,
San Diego,ID Analytics,South CA,Data Scientist,Full time,Information Technology and Services,MS/PH.D,Math,Computer Science,Java,Python,2,106000,
San Diego,Sony PlayStation,South CA,Data Scientist,Full time,Media,MS,Statistics,Operations Research,SAS,R,5,89000,
San Diego,HouseCall,South CA,Data Scientist,Full time,Business Services,MS/PH.D,Statistics,Applied Mathematics,Python,Related Programming Language,1,62000,
San Diego,CA Technologies,South CA,Data Scientist,Full time,Information Technology and Services,MS/PH.D,Computer Science,Statistics,SAS,C/C++,1,91000,
San Diego,Experian,South CA,Data Scientist,Full time,Finance,MS/PH.D,Machine Learning,Computer Science,Python,R,1,118000,
San Diego,Amazon,South CA,Data Scientist,Full time,Information Technology and Services,MS,Computer Science,Machine Learning,SAS,R,5,NA,
San Diego,Abbott,South CA,Data Scientist,Full time,Biotech & Pharmaceuticals,MS/PH.D,Computer Science,Statistics,JMP,Prism,1,82000,
San Diego,Booz Allen Hamilton Inc.,South CA,Data Scientist,Full time,Business Services,BS/MS,Math,Computer Science,Python,MySQL,1,74000,
San Diego,Motive Interactive,South CA,Data Scientist,Full time,Information Technology and Services,PH.D,Computer Science,Data Science,R,scikitLearn,4,69000,
San Diego,Cypress HCM,South CA,Data Scientist,Full time,Business Services,All levels,Quantitative fields,NA,Python,SQL,1,NA,
La Jolla,Rangam Consultants,South CA,Data Scientist,Full time,Business Services,All levels,Quantitative fields,NA,R,SQL,1,79000,
San Diego,"Integrated Resources, Inc.",South CA,Data Scientist,Contract,"Integrated Resources, Inc.",PH.D,Bioinformatics,Computational Biology,R,SQL,3,70000,
San Diego,VIA Technical,South CA,Data Scientist,Full time,Business Services,MS/PH.D,Statistics,Math,Software Development Language,Related Tools for Analysis,5,NA,
Los Angeles,Earny,South CA,Data Analyst Intern,Internship,Information Technology and Services,NA,Quantitative fields,NA,SQL,MS,1,NA,
Palo Alto,Amazon,North CA,A9 Fall 2018 Applied Scientist Intern,Internship,Information Technology and Services,MS,Machine Learning,Quantitative fields,Python,C/C++,1,NA,
Santa Clara,Virtual Power Systems,North CA,Algorithm Scientist Internship,Internship,Information Technology and Services,All levels,Computer Science,Statistics,Python,R,1,NA,
Culver City,Sony Pictures Entertainment,South CA,"Crackle Data Science Business Intelligence Intern, SPT",Internship,Media,NA,Data Related fields,NA,SQL,R,1,NA,
Mountain View,Qventus,North CA,Data Platform Summer Internship,Internship,Information Technology and Services,All levels,Data Related fields,NA,Python,Java,1,NA,
Santa Monica,Leaf Group,South CA,Software Software Engineering Intern - Performance Brands & Partners,Internship,Information Technology and Services,NA,Quantitative fields,NA,JavaScript,CSS,1,63000,
Palo Alto,SAP,North CA,"Intern, Data Scientist",Internship,Information Technology and Services,All levels,Statistics,Computer Science,Python,C/C++,1,96000,
Santa Monica,Activision,South CA,Senior Data Scientist (Contract),Contract,Media,NA,Data Mining,Data Related fields,SQL,R,2,124000,
Mountain View,Mozilla Foundation,North CA,Junior Data Analyst (Contract),Contract,Information Technology and Services,All levels,Computer Science,Statistics,SQL,Python,1,67000,
San Francisco,Twitch,North CA,Data Entry Specialist (Contract),Contract,Media,BA/BS,Internet Network,Data Related fields,Excel,C/C++,3,NA,
Redwood City,Pubmatic,North CA,Software Engineer - Java Big Data ( On Contract),Contract,Information Technology and Services,NA,Computer Science,Software Engineering,Java,Scala,2,114000,
San Jose,"NoraLogic, Inc.",North CA,"Data Scientist ll San Jose, CA ll Log Term Contract Opportunity ll Urgent Job Opening",Contract,Unknown,NA,Data Related fields,NA,Python,R,1,NA,
Los Angeles,Vendo,South CA,Data Analyst,Full time,Business Services,NA,Statistics,Data Related fields,SQL,XML,3,NA,
Menlo Park,Rose International,North CA,Data Analyst,Full time,Business Services,All levels,Computational Linguistics,Speech Science,SQL,Python,1,NA,
Thermal,Accountemps,South CA,Data Analyst,Full time,Business Services,NA,Quantitative fields,Qualitative Research,Excel,NA,5,NA,
San Diego,Sony PlayStation,South CA,Data Engineer - Cloud,Full time,Media,BS,Computer Science,Quantitative fields,SQL,Java,5,91000,
San Diego,Classy,South CA,Data Engineer,Full time,Information Technology and Services,All levels,Computer Science,Quantitative fields,MySQL,MongoDB,2,106000,
San Diego,Slalom LLC.,South CA,Data Engineer,Full time,Business Services,BS,Computer Science,Quantitative fields,SQL,ETL design,3,89000,
San Diego,Mulligan Funding,South CA,Data Engineer,Full time,Computer Software,All levels,Computer Science,Quantitative fields,SQL,Tableau,3,NA,
San Diego,American Specialty Health,South CA,Data Engineer,Full time,Health Care,All levels,Computer Science,Computer Engineering,SQL,BI Stack,3,75000,
Walnut Creek,Medpricer,North CA,Data Analyst,Full time,Business Services,BS/BA,Data Related fields,NA,Excel guru,SQL,2,NA,
Pleasanton,"Accurate Corrosion Control, Inc",North CA,Data Analyst,Full time,"Construction, Repair & Maintenance",BS/BA,Statistics,Computer Science,Microsoft Office Suite,SAS,2,NA,
Mountain View,EdgeCast Networks,North CA,Data Analyst,Full time,Information Technology,BS/MS,Computer Science,Engineering,SQL,Python,1,69000,
Burbank,Mastech Digital,South CA,Data Analyst,Full time,Business Services,BS/BA,Computer Science,Electrical Engineering,PL/SQL,ATS,6,NA,
Elk Grove,Apple Inc.,North CA,"Data Analyst, Recruitment Services",Full time,Information Technology,BS/BA,Computer Science,Math,SQL,JavaScript,3,50000,
Oakland,KAISER,North CA,"Consulting Data Analyst - Excel, Access",Full time,Health Care,BS/BA/GED,Statistics,Economics,SQL,SAS,2,63000,
Rancho Cordova,Agreeya Solutions,North CA,Data Analyst,Full time,Information Technology,NA,Data Related fields,NA,SQL,Cognos,1,NA,
San Jose,Zoom,North CA,"Data AnalystBusiness Analyst, Data Science",Full time,Information Technology,BS/BA,STEM,Business/Economics,SQL,R,2,82000,
Santa Ana,UHG,South CA,Data Analyst,Full time,Information Technology,BS/BA,Statistical Related field,Data Related fields,SQL,SAS,1,NA,
San Francisco,Latitude 36,North CA,Data Analyst,Full time,Information Technology,NA,Quantitative fields,NA,SQL,P&L,3,NA,
Sacramento,"Advanced Decision Vectors, LLC",North CA,Data Analyst,Full time,Government,BS/BA,Data Related fields,Administrative/Management analysis field,Excel,PowerPoint,5,NA,
El Segundo,PeerStreet,South CA,Data Analyst,Full time,Real Estate,BS/BA,Data Related fields,NA,SQL,Excel,2,NA,
San Francisco,Plaids,North CA,Data Scientist,Full time,Information Technology,BS/BA,Machine Learning,Computational Statistics,Nuanced Language of Financial Statements,MS Excel,2,101000,
San Francisco,Gusto,North CA,Senior Data Scientist,Full time,Information Technology,MS/PH.D,Statistics,Quantitative fields,Python,R,5,141000,
San Francisco,Clarivate Analytics,North CA,Data Scientist,Full time,Information Technology,BS/BA,Computer Science,Statistics,Java,Scala,1,109000,
Palo Alto,XMotors.ai,North CA,Machine Learning Engineer,Full time,Information Technology,MS/PH.D,Computer Science,Electrical Engineering,C/C++,R,3,NA,
San Francisco,Tonal,North CA,Data Scientist,Full time,Consumer Services,All levels,Mathematical Related field,Machine learning,Java,Python,1,NA,
San Francisco,Trulia,North CA,Data Scientist,Full time,Information Technology,MS/PH.D,Computer Science,Machine learning,C/C++,Python,2,118000,
San Francisco,Massdrop,North CA,Data Scientist,Full time,Retail,NA,Machine learning,Data Related fields,Python,Scripting Language,2,123000,
San Jose,Strivector,North CA,Data Scientist,Full time,Information Technology,MS,Math,Statistics,SQL,R,3,NA,
San Francisco,IFTTT,North CA,Data Scientist,Full time,Information Technology,MS/PH.D,Statistics,Computer Science,Python,R,1,107000,
San Francisco,Curology,North CA,Data Scientist,Full time,Consumer Services,NA,Statistics,Data Related fields,SQL,R,3,NA,
Los Angeles,Capital Group,South CA,Senior Data Scientist,Full time,Finance,MS,Business,Quantitative fields,SQL,"Query languages: Spark, Hive, Pig",4,105000,
San Francisco,Pinterest,North CA,Data Scientist,Full time,Information Technology,NA,Statistics,Quantitative fields,SQL,Hive,2,139000,
San Francisco,Niantic,North CA,Data Scientist,Full time,Media,BA/BS,Statistics,Applied Math,SQL,R,1,NA,
Sunnyvale,Robert Bosch,North CA,Data Mining Intern: Manufacturing Analytics,Internship,Manfacturing,NA,Machine learning,Data Mining,Apache Spark,Python,1,NA,
San Jose,Cadence Design Systems,North CA,Software Engineering Intern,Internship,Information Technology,NA,Software Engineering,Quantitative fields,Software Programming Language,NA,1,78000,
Mountain View,JD_com,North CA,Big Data - Big Data Platform Intern,Internship,Retail,PH.D,Computer Science,Quantitative fields,C/C++,Python,3,NA,
Los Angeles,"LIVE NATION, INC",South CA,Data Intern,Internship,Media,NA,Statistics,Math,MS Office,Excel,1,NA,
Playa Vista,"Pixalate, Inc",South CA,Data Science Intern - PhD/Masters,Internship,Information Technology,MS/PH.D,Computer Science,Statistics,SQL,Python,1,NA,
San Francisco,Figure,North CA,Senior Data Engineer,Full time,Research,BA/BS,Computer Science,Related Technical Field,SQL,NoSQL,5,NA,
San Francisco,Cruise Automation,North CA,Engineering Manager - Data Science,Full time,Information Technology,BA/BS,Computer Science,Related Technical Field,Spark,ML pipelines,2,161000,
Mountain View,23andMe,North CA,Data Scientist,Full time,Biotech & Pharmaceuticals,MS,Statistics,Computer Science,R,Python,5,112000,
Santa Clara,realtor.com ,North CA,Principal Data Scientist,Full time,Media,MS/PH.D,Statistics,Computer Science,SQL,R,5,176000,
San Francisco,AVANIR Pharmaceuticals,North CA,Clinical Data Manager II,Full time,Biotech & Pharmaceuticals,BA/BS,Clinical Data Management,life Science,SQL,SAS,5,62000,
San Francisco,Ubisoft,North CA,"Data Scientist, Audience Science",Full time,Media,MS/PH.D,Computer Science,Math,SQL,R,3,108000,
Westwood,UCLA HEALTH,North CA,Senior Data Engineer,Full time,Health Care,BA/BS,Computer Science,Computer Engineering,SQL,Hive,2,116000,
San Francisco,Komodo Health,North CA,Senior Software Engineer,Full time,Unknown,BS/MS,Computer Science,Related Technical Field,SQL,Python,5,NA,
Chatsworth,Cal Net Technology Group,South CA,Systems Engineer II,Full time,Information Technology,NA,Quantitative fields,NA,MS Office,Adobe,1,42000,
Redwood City,C3 IoT,North CA,Data Scientist,Full time,Information Technology,MS/PH.D,Computer Science,Statistics,Python,R,1,133000,
Mountain View,Intuit,North CA,"Staff Data Scientist, Technical Analytics",Full time,Information Technology,NA,Data Engineering,Data Related field,Python,R,5,187000,
Campbell,Barracuda,South CA,South CA,Contract,Information Technology,NA,Data Related fields,NA,Excel,DUNs numbers,1,NA,
San Francisco,mapper.ai ,North CA,"Data Annotator, 3D Machine Readable Maps (Contract)",Contract,Information Technology,NA,Related Technical Field,NA,"3D Modeling Tools ( Illustrator, SketchUp, or Poly)",NA,1,NA,
Alameda,CyberCoders,North CA,Contract Sr. Software Engineer,Contract,Business Services,NA,Quantitative fields,NA,C/C++,MS Office,5,NA,
Mountain View,Saavn,North CA,Software Engineering Intern,Internship,Media,BA/BS/PH.D,Computer Science,Computer Engineering,Scripting Language,NA,1,74000,
San Jose,Cisco Systems,North CA,Data Scientist (Intern) - United States,Internship,Information Technology,All levels,Computer Science,Information Management,SQL,Python,1,50000,
Alhambra,Community Development Commission of the County of Los Angeles,South CA,Affordable Housing Data Analyst Intern,Internship,Government,NA,Data Related field,NA,Macros,Excel,1,NA,
Costa Mesa,Experian Ltd,South CA,MBA Data Strategy Intern,Internship,Finance,MBA,Program Management,Business,Data Related Skills,NA,1,NA,
Redwood City,Alation,North CA,Software Engineering Intern,Internship,Information Technology,All levels,Computer Science,Related Technical Field,Python,Java,2,NA,
Berkeley,Kloudless,North CA,Software Engineer Intern,Internship,Information Technology,NA,Related Technical Field,NA,Python,Ruby,1,NA,
Foster City,"Nfinite Business, Inc",North CA,Intern - Tableau Data Analyst,Internship,Unknown,NA,Data Related field,NA,SQL,Tableau,1,NA,
Irvine,Samsung Research America,South CA,Software Intern,Internship,Information Technology,BA/BS/MS,Distributed Data Processing,Quantitative fields,SQL,Java,1,NA,
San Francisco,Kforce,North CA,"Data Analyst, Digital Analytics",Full time,Business Services,NA,Business,Data Related field,SQL,Tableau,1,NA,
Los Angeles,Solugenix Corporation,South CA,Data Analyst,Full time,Information Technology,BA/BS,Business,Data Related field,SQL,Python,5,49000,
Redwood City,Mixbook,North CA,Data Analyst,Full time,Retail,BA/BS,Computer Science,Statistics,SQL,MS Excel,3,56000,
Sacramento,Jackson Lewis,North CA,Data Analyst,Full time,Accounting & Legal,BA/BS,Statistics,Data Related field,MS Excel,MS Office,1,39000,
San Francisco,Stanza,North CA,Data Analyst - Revenue,Full time,Information Technology,NA,Related Technical Field,NA,SQL,R,1,NA,
Santa Monica,"TrueCar, Inc.",South CA,Data Analyst,Full time,Information Technology,BA/BS,Data Related field,NA,MS Excel,MS Powerpoint,3,56000,
Corona,"The Judge Group, Inc.",South CA,Data Analyst,Full time,Business Services,NA,Statistics,Data Mining,SQL,Python,1,NA,
Mountain View,Addepar,North CA,Enterprise Data Analyst,Full time,Information Technology,NA,Finance Industry,Data Related field,SQL,Python,1,70000,
Santa Ana,Advantmed,South CA,Healthcare Data Analyst,Full time,Health Care,BA/BS,Computer Engineering,Math,SQL,MS Excel,2,66000,
San Francisco,Agoda,North CA,Senior Machine Learning Product Scientist,Full time,Information Technology,All levels,Statistics,Machine learning,R,Python,2,156000,
Foster City,Qualys,North CA,Senior Data Scientist,Full time,Information Technology,All levels,Computer Science,Statistics,Python,R,7,185000,
San Jose,ASML,North CA,Data Scientist,Full time,Information Technology,MS/PH.D,Computer Science,Math,Python,Java,1,136000,
Santa Barbara,Apeel Sciences,South CA,Data Scientist,Full time,Unknown,MS/PH.D,Biological science,Statistics,SQL,Python,4,80000,
San Francisco,First Republic Bank,North CA,Data Scientist / Data Engineer,Full time,Finance,NA,Statistics,Data Related field,SQL,Java,1,109000,
Palo Alto,Bain & Company,North CA,Data Scientist,Full time,Business Services,MS/PH.D,Computer Science,Statistics,Python,SQL,5,101000,
San Francisco,Trulia,North CA,Data Scientist,Full time,Information Technology,All levels,Computer Science,Computer Vision,Java,Python,2,118000,
San Francisco,Metabiota,North CA,Data Scientist,Full time,Biotech & Pharmaceuticals,BS,Statistics,Biostatistics,Python,SAS,1,126000,
San Francisco,Twist Bioscience,North CA,Data Scientist,Full time,Biotech & Pharmaceuticals,PH.D,Molecular Biology,Related Technical Field,Python,R,5,100000,
San Francisco,Akili Interactive,North CA,Data Scientist,Full time,Biotech & Pharmaceuticals,All levels,Statistics,Computer Science,Python,Scala,1,NA,
San Francisco,Juvo,North CA,Data Scientist,Full time,Unknown,MS/PH.D,Computer Science,Math,Python,R,5,NA,
San Francisco,AppDynamics,North CA,Sr Data Engineer,Full time,Information Technology,BS/MS,Computer Science,Related Technical Field,Python,SQL,1,160000,
San Francisco,New Relic,North CA,"Senior Software Engineer, Data Infrastructure",Full time,Information Technology,NA,Software Engineering,Related Technical Field,SQL,Python,4,144000,
San Jose,Enquero,North CA,Data Scientist,Full time,Business Services,NA,Machine Learning,Data Related field,SQL,Python,3,91000,
San Francisco,Samba TV,North CA,Data Scientist,Full time,Business Services,All levels,Computer Science,Statistics,SQL,Python,2,130000,
San Jose,Artech Information Systems,North CA,Data Scientist,Full time,Business Services,All levels,Statistics,Computer Science,SQL,R,5,NA,
Santa Monica,Fair,South CA,Data Scientist,Full time,Information Technology,BA/BS,Computer Science,Quantitative fields,Python,Tableau,1,NA,
San Francisco,TaskRabbit,North CA,Data Scientist,Full time,Information Technology,All levels,Computer Science,Engineering,Numpy,Pandas,2,140000,
San Mateo,Feedzai,North CA,Data Scientist,Full time,Information Technology,MS/PH.D,Computer Science,Machine Learning,Python,Java,1,110000,
El Monte,East West Bank,South CA,Data Analyst,Full time,Finance,BS,Finance,Businness,SQL,Microsoft Office,2,42000,
Gold River,PTP,North CA,Data Scientist,Full time,Information Technology,PH.D,Computer Science,Machine Learning,SQL,C/C++,1,NA,
Marina del Rey,ZEFR,South CA,Data Scientist,Full time,Media,All levels,Computer Science,Data Related field,Scala,Python,3,86000,
San Francisco,Naborly,North CA,Data Scientist,Full time,Real Estate,MS/PH.D,Computer Science,Engineering,SQL,R,4,NA,
Santa Clara,Aruba Networks,North CA,Data Scientist,Full time,Information Technology,NA,Machine Learning,Data Related field,Python,R,6,125000,
Los Angeles,ZestFinance,South CA,Machine Learning Engineer,Full time,Finance,All levels,Computer Science,Engineering,ML Algorithm,TensorFlow,1,93000,
Irvine,Collabera,South CA,Data & Process Analyst,Full time,Information Technology,NA,Business,Data Related field,Excel,BO( Business Object),1,NA,
San Mateo,Mintigo,North CA,Data and Insights Analyst,Full time,Information Technology,BA/BS,Computer Science,Statistics,Python,Scripting Language,1,NA,
San Jose,7.ai ,North CA,Sr. Data Analyst,Full time,Business Services,NA,Related Technical Field,NA,SQL,Python,5,97000,
Los Angeles,AEG,South CA,Data Analyst,Full time,Real Estate,BA/BS,Statistics,Data Related field,SQL,R,3,50000,
Foster City,Qualys,North CA,Data Analyst,Full time,Information Technology,BA/BS,Accounting,Related Technical Field,SQL,ODBC,2,67000,
Los Angeles,Aspiration,South CA,Data Analyst,Full time,Finance,BA/BS,Computer Science,Statistics,SQL,Related Programming Language,2,NA,
San Francisco,Avispa Technology,North CA,Business/Data Analyst,Full time,Information Technology,BA/BS,Data Related field,NA,Excel,Google Spreadsheets,1,NA,
San Francisco,App Annie,North CA,Senior Mobile Data Analyst,Full time,Information Technology,BA/BS,Related Technical Field,NA,SQL,Python,1,101000,
San Jose,Odecee,North CA,Data Analyst,Full time,Information Technology,BA/BS,Science,Engineering,SQL,POC,1,NA,
Palo Alto,Tiny,North CA,Data Analyst,Full time,Business Services,BS/MS,Computer Science,Engineering,SQL,Excel,3,NA,
Sunnyvale,NetApp,North CA,Supply Chain Data Analyst,Full time,Information Technology,BA/BS,Analytic Discipline,Related Technical Field,Microsoft Office,SW,3,81000,
Santa Barbara,Cencal Health,South CA,IT Healthcare Data Analyst,Full time,Non-Profit,NA,Related Technical Field,NA,BI tools,Related Programming Language,1,NA,
San Francisco,comScore,North CA,Data Analyst,Full time,Business Services,BA/BS,Computer Science,Engineering,Python,SQL,2,67000,
San Francisco,Pinterest,North CA,"Data Engineer, Analytics",Full time,Information Technology,All levels,Computer Science,Statistics,Python,Java,3,151000,
San Jose,Marvell Technology,North CA,Senior Software Engineer,Full time,Manfacturing,BS/MS,Computer Science,Computer Engineering,C/C++,Software Programming Language,8,102000,
Santa Clara,NVIDIA,North CA,Senior Systems Software Engineer,Full time,Information Technology,BS,Computer Science,Computer Engineering,C/C++,Related Programming Language,3,120000,
San Francisco,Pinterest,North CA,"Data Engineer, Metrics Quality",Full time,Information Technology,All levels,Computer Science,Statistics,Python,Scala,3,151000,
Mountain View,Tubular Labs,North CA,Data Scientist,Full time,Information Technology,MS/PH.D,Machine Learning,Statistics,Python,Java,4,97000,
Irvine,TGS Management Company,South CA,Tooling & Data Visualization Engineer,Full time,Finance,NA,Related Technical Field,NA,JavaScript,Python,1,NA,
Fremont,Soraa Inc.,North CA,Data Engineer,Full time,Electrical & Electronic Manufacturing,BS,Computer Science,Engineering,SQL,Microsoft Office,5,128000,
Redwood City,Genomic Health,North CA,Data Engineer,Full time,Biotech & Pharmaceuticals,BS,Life sciences,Computer Science,SQL,R,2,141000,
Palo Alto,Chan Zuckerberg Initiative,North CA,Data Engineer,Full time,Social Assistance,All levels,Software Engineering,Data Engineering,SQL,Python,1,NA,
Sunnyvale,Amazon,North CA,Data Engineer,Full time,Internet,BS,Computer Science,Computer Engineering,SQL,Python,3,120000,
Sunnyvale,Amazon,North CA,Data Engineer - Alexa Information Experience,Full time,Internet,BS,Computer Science,Math,SQL,Python,3,120000,
Sunnyvale,Walmart eCommerce,North CA,Staff Software Engineer - Data Eng focus,Full time,Information Technology,All levels,Computer Science,Statistics,C/C++,Python,1,138000,
Redwood City,Shopkick,North CA,Senior Data Engineer,Full time,Business Services,All levels,Computer Science,Related Technical Field,SQL,Python,3,166000,
San Francisco,Stitch Fix,North CA,Data Platform Engineer - Algorithm Development Platform,Full time,Retail,MS/PH.D,Computer Science,Math,SQL,Python,1,107000,
San Francisco,Sony PlayStation,North CA,Senior Machine Learning Engineer,Full time,Media,MS,Machine Learning,Related Technical Field,Python,Java,6,132000,
San Francisco,Proofpoint,North CA,Staff Spam Data Engineer â€“ Safe Messaging Cloud,Full time,Information Technology,BS,Computer Science,Data Related field,SQL,Python,1,144000,
Menlo Park,Robinhood,North CA,Data Scientist,Full time,Finance,BS/BA,Statistics,Math,Python,R,2,123000,
Davis,Engage3,South CA,Data Scientist,Full time,Information Technology,MS/PH.D,Computer Science,Engineering,SQL,Python,2,NA,
San Francisco,Calm,North CA,Data Scientist,Full time,Unknown,All levels,Statistics,Economics,SQL,Python,1,NA,
Los Angeles,Factual,South CA,Associate Data Scientist,Full time,Information Technology,NA,Machine Learning,Related Technical Field,SQL,Python,1,114000,
San Mateo,Ten-X,North CA,Data Engineer,Full time,Information Technology,BA/BS,Computer Science,Statistics,SQL,Python,5,123000,
Mountain View,Qventus,North CA,Data Scientist,Full time,Information Technology,NA,Machine Learning,Statistics,SQL,Python,4,NA,
San Francisco,Scribd,North CA,Data Scientist,Full time,Media,All levels,Computer Science,Statistics,Python,R,3,125000,
San Francisco,Profusa,North CA,Data Scientist,Full time,Unknown,MS/PH.D,Biomedical Engineering,Computer Science,Python,C/C++,4,114193,
San Jose,VDart Inc.,North CA,Data Scientist,Full time,Information Technology,All levels,Computer Science,Math,Python,R,5,94000,
Stanford,NxT Level,North CA,Data Scientist,Full time,Unknown,NA,Finance,Related Technical Field,API,Related Programming Language,1,NA,
San Francisco,Clover Health,North CA,Data Scientist,Full time,Health Care,NA,Statistics,Machine Learning,Related Programming Language,NA,1,125000,
Pleasanton,Veeva Systems,North CA,Senior Data Scientist,Full time,Information Technology,BS,Statistics,Computer Science,R,Python,5,130000,
Fremont,Beacon Hill Staffing Group,North CA,Data Scientist,Full time,Business Services,BS/MS,Statistics,Computer Science,Python,Excel,1,NA,
Mountain View,"Data Engineer, Degrees",North CA,Data Scientist,Full time,Education,NA,Data Engineering,Related Technical Field,SQL,Python,3,167000,
San Francisco,"Dialpad, Inc.",North CA,Data Engineer,Full time,Telecommunications,All levels,Computer Science,Software Engineering,Python,BigQuery,1,123000,
San Mateo,Rakuten,North CA,Data Engineer,Full time,Information Technology,BS/MS,Computer Science,Related field,SQL,Python,5,101000,
San Mateo,Snowflake Computing,North CA,Data Engineer,Full time,Information Technology,All levels,Computer Science,Related field,SQL,Scala,1,111000,
Northridge,Pharmavite,South CA,Data Engineer,Full time,Manufacturing,All levels,Data Engineering,Data management,Spark,Java,7,112000,
San Francisco,Automattic,North CA,Data Engineer,Full time,Information Technology,All levels,Computer Science,Related field,Hlive,Spark,1,136000,
Emeryville,Change Healthcare,North CA,Data Engineer,Full time,Health Care,All levels,Computer Science,Related field,SQL,"Query languages: Spark, Hive, Pig",1,118000,
Emeryville,Nexon M,North CA,Data Engineer,Full time,Media,BS,Computer Science,NA,Hadoop,MySQL,3,110000,
Santa Monica,Brighter,South CA,Data Engineer,Full time,Information Technology,All levels,Data engineering,Related field,SQL,Python,5,106000,
Santa Monica,Leaf Group,South CA,Data Engineer Intern - Business Intelligence,Full time,Information Technology,BS,Computer Science,Engineering,Python,SQL,1,72000,
Glendale,Age of Learning,South CA,Data Engineer,Full time,Education,All levels,Data - reated field,NA,Python,R,3,90000,
Los Angeles,Lieberman Research Worldwide,South CA,Data Scientist,Full time,Business Services,MS,Computer Science,Data Science,R,SQL,1,100000,
Los Angeles,GOAT,South CA,Data Engineer,Full time,Information Technology,BS/MS,Computer Science,Computer Engineering,Python,GoLang,3,NA,
El Monte,East West Bank,South CA,Data Analyst,Full time,Finance,BS,Finance,Business,Microsoft Office,SQL,2,42000,
Burbank,Warner Bros.,South CA,Data Engineer,Full time,Media,BS,Computer Science,Related field,NoSQL,Cassandra,3,111000,
Orange,Slalom LLC.,South CA,Data Engineer,Full time,Business Services,BS,Computer Science,Related field,SQL,Python,3,105000,
Diamond Bar,Atrilogy,South CA,Data Engineer,Full time,Information Technology,BS/BA,Business Information Systems,Business Administration,Microsoft Office,Oracle,4,NA,
Pasadena,Red Ventures,South CA,Spark Data Engineer,Full time,Business Services,All levels,Computer Science,Related field,SparkSQL,ANSI SQL relational database,1,86000,
Glendale,Walt Disney Company,South CA,Data Engineer,Full time,Media,BS,Computer Science,Mathematics,Java,Kotlin,3,110000,
Orange,Alignment Healthcare,South CA,"Data Engineer, Azure",Full time,Health Care,BS/MS,Computer Science,Engineering,SQL Server,Oracle,2,120000,
Los Angeles,SADA Systems Inc.,South CA,Data Architect,Full time,Information Technology,All levels,Computer Science,Related field,Data Structures,Linux,4,110000,
Glendale,Beyond Limits,South CA,Big Data Engineer,Full time,Artifical Intelligence,BS/MS,Computer Science,Computer Engineering,Go,Python,2,NA,
San Francisco,HotSchedules,North CA,Data Engineer,Full time,Information Technology,All levels,Software Engineering,Related field,Python,Scala,4,115000,
San Francisco,Akili Interactive,North CA,Data Engineer,Full time,Biotech & Pharmaceuticals,BS/MS,Computer Science,Related field,AWS,NoSQL,4,NA,
Foster City,Agari,North CA,Software Engineer - Data,Full time,Information Technology,All levels,Computer Science,Related field,R,RDBMS,1,131000,
San Francisco,HealthTap,North CA,Data Engineer,Full time,Information Technology,BS/MS,Computer Science,Engineering,ETL,SQL,3,109000,
San Francisco,Roam,North CA,Data Engineer,Full time,Information Technology,All levels,Computer Science,Related field,Python,Spark,1,NA,
Palo Alto,Adara Media,North CA,Data Engineer,Full time,Business Services,BS/MS,STEM fields,Related field,SQL,Python,6,141000,
Santa Monica,Tala,South CA,Data Scientist,Full time,Finance,MS/PH.D,Data Science,Related Technical Field,Python,Related Programming Language,2,88000,
San Mateo,Alteryx,North CA,"Product Manager, Data and Tech Partners",Full time,Information Technology,BA/BS,Computer Science,Science,Azure,Related Programming Language,5,96000,
San Francisco,Sojern,North CA,Senior Data Science Engineer,Full time,Business Services,MS/PH.D,Computer Science,STEM fields,Python,Related Programming Language,1,175000,
San Francisco,comScore,North CA,Data Analyst,Full time,Business Services,BS/BA,Computer Science,Engineering,Python,SQL,2,67000,
Palo Alto,IdentityMind,North CA,Data Scientist,Full time,Finance,NA,Software Engineering,Related Technical Field,R,Python,2,NA,
San Jose,Enquero,North CA,Data Scientist,Full time,Business Services,NA,Data Mining,Statistics,R,SQL,3,91000,
San Jose,VDart Inc.,North CA,Data Scientist,Full time,Information Technology,NA,Machine Learning,Related Technical Field,R,Python,5,94000,
Culver City,"EDO, Inc.",South CA,Data Scientist,Full time,Unknown,NA,Related Technical Field,NA,R,Python,1,NA,
Menlo Park,WhatsApp,North CA,"Data Scientist, Analytics",Full time,Information Technology,BA/BS,Computer Science,Statistics,SQL,R,4,107000,
San Carlos,Upstart,South CA,Data Scientist,Full time,Finance,MS,Computer Science,Statistics,Python,R,1,125000,
San Jose,Adobe,North CA,Data Scientist AI/ML,Full time,Information Technology,PH.D,Computer Science,Math,Python,Java,1,138000,
Palo Alto,Noodle Analytics,North CA,Senior Data Scientist,Full time,Information Technology,PH.D,Data Management,Electrical Engineering,R,Related Programming Language,1,NA,
San Francisco,Near(Singapore),North CA,Data Scientist,Full time,Information Technology,NA,Statistics,Related Technical Field,Python,R,1,NA,
San Francisco,Prosper,North CA,"Data Scientist, Marketing Analytics",Full time,Unknown,MS,STEM field,Quantitative fields,SQL,Python,2,NA,
San Francisco,MasterCard,North CA,"Senior Analyst, Data Scientist - Brighterion",Full time,Finance,BS,Computer Science,Related Technical Field,SQL,Python,1,150000,
San Francisco,Sift Science,North CA,Senior Machine Learning Engineer,Full time,Information Technology,All levels,Computer Science,Statistics,R,MATLAB,1,128000,
San Francisco,Freenome,North CA,Senior Computational Biologist - Biological and Statistical Modeling,Full time,Biotech & Pharmaceuticals,PH.D,Computational Biology,Related Technical Field,R,Python,1,NA,
Irvine,Skrill,South CA,Jr. Data Analyst,Full time,Finance,BA/BS,Computer Science,Statistics,SQL,R,1,34000,
San Francisco,Good Eggs,North CA,Business Data Analyst,Full time,Retail,BA/BS,Statistics,Math,SQL,Excel,5,74000,
San Francisco,Zynga,North CA,"Data Analyst 3, Growth",Full time,Media,BA/BS,Computer Science,Statistics,SQL,R,5,85000,
Los Angeles,Vitamin T,South CA,Senior Analyst - Data Science,Full time,Business Services,NA,Data Mining,Related Technical Field,SQL,Python,2,NA,
San Francisco,"Evolver, Inc.",North CA,Data Analyst - SME,Full time,Information Technology,BA/BS,Computer Science,Computer Engineering,Excel,Data Governance Tool,4,62000,
Oakland,Mynd,North CA,Data Analyst,Full time,Unknown,BA/BS,Computer Science,Statistics,SQL,Python,3,NA,
San Francisco,Everlane,North CA,Data Analyst/Scientist,Full time,Retail,BA/BS,Quantitative fields,NA,SQL,Python,4,59000,
San Jose,Technosoft Corporation,North CA,Data Analyst,Full time,Information Technology,NA,Related Technical Field,NA,SQL,ETL,1,NA,
Garden Grove,Kush Bottles,South CA,Data Analyst,Full time,Manufacturing,BS,Data Science,Related Technical Field,SQL,HTML,2,NA,
San Mateo,Asurion,North CA,Sr. Product Data Analyst - Virtual Assistant Product,Full time,Insurance,BA/BS,Computer Science,Statistics,SQL,Excel,3,88000,
San Francisco,"Ellation, Inc.",North CA,Data Analyst - Growth Team,Full time,Information Technology,BA/BS,Mathematics,Science,SQL,Related Programming Language,2,66000,
Oakland,MVM,North CA,Data Analyst III (Administrative Support),Full time,Business Services,NA,Related Technical Field,NA,Microsoft Office,NA,2,69000,
San Francisco,Twilio,North CA,"Data Quality Analyst, Business Intelligence",Full time,Information Technology,BA/BS,Computer Science,Related Technical Field,SQL,Related Programming Language,1,77000,
Redwood City,Poshmark,North CA,Senior Data Analyst,Full time,Information Technology,BA/BS,Operations Research,Scala,Management Information Systems,Statistical Tools,2,70000,
Long Beach,Collabera,South CA,Data Analyst/Programmer,Full time,Information Technology,BA/BS,Statistics,Math,MS Office,SQL,2,NA,
Manhattan Beach,Soal Technologies Inc,South CA,Alteryx Data Analyst (no ctc),Full time,Unknown,BA/BS,Computer Science,Information Systems,SQL,Excel,6,NA,
Oakland,APN Software Services Inc.,North CA,Epic Clarity Data Analyst,Full time,Information Technology,BA/BS,Statistics,Finance,Excel,PowerPoint,1,NA,
Santa Cruz,Looker,North CA,"Data Analyst Consultant, Professional Services",Full time,Information Technology,NA,Related Technical Field,NA,SQL,Oracle,3,NA,
San Francisco,Strava,North CA,"Senior Data Analyst, Marketing",Full time,Information Technology,BS/MS,Math,Statistics,SQL,Related Tools for Analysis,4,90000,
Los Angeles,Havas Media,South CA,Junior Data Analyst,Full time,Business Services,NA,Related Technical Field,NA,SQL,Excel,1,34000,
San Francisco,Flexport,North CA,Data Scientist,Full time,Transportation & Logistics,NA,Related Technical Field,NA,Related Tools for Analysis,NA,3,130000,
San Francisco,Udemy,North CA,Data Science Manager (Product and Marketing Decision Science),Full time,Education,NA,Statistics,Machine Learning,SQL,Python,3,NA,
San Francisco,Cloudflare,North CA,Distributed Systems Engineer - Data,Full time,Information Technology,NA,Related Technical Field,NA,Java,Python,1,119000,
Mountain View,Veritas,North CA,Senior Data Science Engineer,Full time,Information Technology,MS/PH.D,Computer Science,Statistics,Python,R,2,143000,
San Francisco,PlanGrid,North CA,Data Analyst,Full time,Information Technology,NA,Related Technical Field,NA,SQL,Python,2,68000,
San Francisco,"The Linde Group, Inc",North CA,Senior IT Engineer,Full time,Information Technology,NA,Related Technical Field,NA,IT Service,Related Tools for Analysis,4,81000,
San Carlos,Education Elements,South CA,Senior Software Engineer,Full time,Education,BS,Computer Science,Engineering,SQL,JavaScript,5,123000,
San Francisco,BOLD,North CA,Data Scientist,Full time,Information Technology,BS/MS,Computer Science,Statistics,SQL,Python,3,133000,
Redwood City,C3 IoT,North CA,Data Scientist,Full time,Information Technology,MS/PH.D,Computer Science,Statistics,JavasScript,R,1,133000,
San Jose,8x8,North CA,Machine Learning Engineer,Full time,Telecommunications,BS/BA,Computer Science,Related Technical Field,SQL,Related Programming Language,5,74000,
Aliso Viejo,AVANIR Pharmaceuticals,South CA,Clinical Data Manager II,Full time,Biotech & Pharmaceuticals,BS/BA,Life sciences,Related Technical Field,SQL,SAS,5,62000,
San Francisco,Singular,North CA,Platform Engineer,Full time,Information Technology,NA,Related Technical Field,NA,Python,C/C++,1,NA,
Culver City,Pacific Rim Printers Mailers,South CA,Data Programmer,Full time,Computer Software,NA,Related Technical Field,NA,SQL,Microsoft Office,5,NA,
San Francisco,"University of California, San Francisco",North CA,Data Scientist,Full time,Unknown,All levels,Computer Science,Statistics,Related Tools for Analysis,Therapeutic Modalities Discovery,1,112000,
San Jose,First Tech Federal Credit Union,North CA,Data Modeler,Full time,Finance,BS/BA,Statistics,Math,SQL,DBMS,7,78000,
San Francisco,Swift Navigation,North CA,Data Infrastructure Engineer,Full time,Manfacturing,NA,Related Technical Field,NA,SQL,Python,3,NA,
Redwood City,Informatica,North CA,"Senior Director, Product Management, Big Data",Full time,Information Technology,NA,Product Management,Related Technical Field,Cloudera,Azure,10,151000,
Redwood City,Informatica,North CA,"Principal User Experience Designer, Data Security Group",Full time,Information Technology,MS,Engineering Psychology,Interaction / Industrial Design,Axure,Photoshop,8,120000,
Carpinteria,Procore Technologies,South CA,Senior Data Analyst,Full time,Information Technology,BS/BA,Computer Science,Statistics,SQL,Excel,3,59000,
Santa Cruz,"Fullpower Technologies, Inc.",North CA,Database Development Engineer,Full time,Information Technology,BS,Computer Science,Related Technical Field,MySQL,Related Programming Language,3,NA,
San Francisco,Federal Reserve Bank of San Francisco,North CA,Data Science Specialist,Full time,Finance,All levels,Computer Science,Statistics,SQL,R,5,NA,
Oakland,Workers Compensation Insurance Rating Bureau of California,North CA,Medical Data Research Analyst,Full time,Insurance,BS/BA,Computer Science,Statistics,SQL,Python,3,NA,
San Francisco,Sitecore,North CA,Senior Manager of Marketing Data & Analytics,Full time,Information Technology,NA,Related Technical Field,NA,SQL,Excel BI Tools,2,134000,
San Francisco,HouseCanary,North CA,Senior Software Engineer - Data,Full time,Information Technology,NA,Software Engineering,Related Technical Field,SQL,Python,5,153000,
San Francisco,Riivos,North CA,Software Engineer (AngularJS),Full time,Information Technology,BS/BA,Computer Science,Engineering,Ember,JavaScript,2,85000,
Emeryville,Amyris,North CA,Data Scientist ~ Scientific Computing,Full time,Biotech & Pharmaceuticals,All levels,Computer Science,Math,Python,R,3,132000,
Redwood City,"Auris Health, Inc.",North CA,"Staff Software Engineer, Advanced Development",Full time,Manufacturing,BS/MS,Computer Science,Computer Engineering,C/C++,R,5,NA,
San Jose,Sleep Number Corporation,North CA,Software Java Engineer,Full time,Manufacturing,All levels,Computer Science,Electrical Engineering,Java,C/C++,5,NA,
San Jose,Arm Holdings,North CA,Senior Data Science Manager,Full time,Information Technology,NA,Engineering,Related Technical Field,Related Programming Language,Related Tools for Analysis,1,NA,
San Francisco,Funding Circle US,North CA,"Senior Data Scientist, Customer Analytics",Full time,Finance,BS/BA,Finance,Related Technical Field,SQL,R,2,147000,
Westwood,UCLA Health,South CA,Programmer Analyst III,Full time,Health Care,BS/BA,Related Technical Field,NA,UNIX,Related Programming Language,2,71000,
San Jose,Signifyd,North CA,Senior Data Scientist,Full time,Information Technology,MS/PH.D,Computer Science,Applied Mathematics,SQL,Python,2,NA,
San Ramon,Five9,North CA,Application Security Engineer,Full time,Telecommunications,BS,Computer Science,Related Technical Field,Java,Python,3,97000,
San Jose,Signifyd,North CA,Sr Fraud Data Analyst,Full time,Information Technology,NA,Related Technical Field,NA,SQL,Tableau,5,NA,
San Jose,Principal Software Design Quality Engineer,North CA,Principal Software Design Quality Engineer,Full time,Health Care,BS/BA,Computer Science,Software Engineering,ISO 14971 (Risk Management),Related Tools for Analysis,10,NA,
El Monte,East West Bank,South CA,Data Analyst,Full time,Finance,BS/BA,Finance,Engineering,SQL,MS Office,2,42000,
San Francisco,First Republic Bank,North CA,Contingent: Data Analyst,Full time,Finance,BA,Computer Science,Math,SQL,Related Tools for Analysis,5,59000,
San Jose,Signifyd,North CA,"Data Scientist,Risk Analytics",Full time,Information Technology,MS/PH.D,Computer Science,Applied Mathematics,SQL,R,2,NA,
San Francisco,Quizlet,North CA,"Senior Data Engineer, Analytics",Full time,Information Technology,NA,Related Technical Field,NA,SQL,Related Programming Language,1,111000,
Santa Monica,VideoAmp,South CA,Data Scientist,Full time,Business Services,PH.D,Data Science,Math,SQL,R,1,108000,
Santa Clara,Akamai,North CA,Senior Data Scientist,Full time,Information Technology,All levels,Data Mining,Machine Learning,Python,C/C++,8,136000,
Santa Barbara,Axia Technologies,South CA,Senior Software Engineer,Full time,Finance,BS,Computer Science,Information Technology,PostgreSQL,Ruby,5,NA,
San Francisco,Riviera Partners,North CA,Machine Learning Engineer,Full time,Business Services,All levels,Computer Science,Engineering,Python,Related Tools for Analysis,3,NA,
Menlo Park,Alpha Net,North CA,Network Engineer,Full time,Information Technology,NA,Related Technical Field,NA,Python,Perl,3,NA,
San Francisco,Hipcamp,North CA,Senior Software Engineer,Full time,Information Technology,NA,Related Technical Field,NA,Ruby,JavaScript,1,NA,
San Francisco,Riviera Partners,North CA,Full Stack Engineer,Full time,Business Services,NA,Related Technical Field,NA,Python,JavaScript,2,NA,
San Francisco,Zinc,North CA,Senior Android Developer,Full time,Information Technology,NA,Related Technical Field,NA,Related Programming Language,Related Tools for Analysis,1,150000,
San Francisco,Riviera Partners,North CA,Senior Backend Engineer,Full time,Business Services,All levels,Related Technical Field,NA,SQL,Python,5,NA,
San Francisco,Riviera Partners,North CA,Devops Engineer,Full time,Business Services,NA,Computer Science,Related Technical Field,Ruby,JavaScript,1,NA,
Berkeley,Caltek Staffing,North CA,Sr. Software Engineer (C# .NET Visual Studio WPF/WCF),Full time,Unknown,BS,Computer Science,Electrical Engineering,DNP,Related Tools for Analysis,1,120000,
San Ramon,atEvent (CA),North CA,IOS Software Developer,Full time,Information Technology,BS/BA,Computer Science,Related Technical Field,Swift,Related Programming Language,3,NA,
Palo Alto,LeetCode,North CA,Full Stack Software Engineer,Full time,Information Technology,BS/Above,Computer Engineering,Computer Science,Python,JavaScript,2,120000,
Santa Monica,Fair,South CA,Data Engineer,Full time,Information Technology,All levels,Related Technical Field,NA,SQL,Python,1,NA,
Los Angeles,AEG,South CA,Data Engineer,Full time,Real Estate,BS/BA,Computer Science,Engineering,SQL,C#,4,NA,
Hollywood,Ticketmaster,South CA,Data Scientist,Full time,"Arts, Entertainment & Recreation",BS,Computer Science,Statistics,Java,C/C++,2,72000,
Los Angeles,GOAT,South CA,Data Scientist,Full time,Information Technology,All levels,Computer Science,Statistics,Python,R,1,NA,
San Pedro,Walker Advertising,South CA,Data Scientist,Full time,Media,NA,Related Technical Field,NA,Related Tools for Analysis,Related Programming Language,1,70000,
Los Angeles,Neilson Financial Services,South CA,Senior Analytics & Data Scientist,Full time,Insurance,BS/BA/Above,Math,Related Technical Field,R,SQL,3,100000,
Los Angeles,Kensho,South CA,Data Scientist,Full time,Information Technology,All levels,Computer Science,Statistics,R,Python,3,120000,
Los Angeles,21st Century Fox,South CA,Data Scientist,Full time,Media,MS/PH.D,Computer Science,Engineering,Python,Spark,3,102000,
Los Angeles,Assembly,South CA,Data Scientist,Full time,Business Services,BS/BA,Related Technical Field,NA,SQL,Python,1,119000,
Los Angeles,"DeepCurrent Technologies, Inc.",South CA,Data Scientist,Full time,Information Technology,MS,Computer Science,Statistics,Python,Pandas,2,NA,
Los Angeles,Conversion Logic,South CA,Data Scientist,Full time,Information Technology,All levels,Computer Science,Statistics,Python,Related Tools for Analysis,1,NA,
Woodland Hills,AIG,South CA,Data Scientist,Full time,Insurance,NA,Related Technical Field,NA,R,Python,1,91000,
Brea,Beckman Coulter,South CA,Junior IT Data Scientist,Full time,Manfacturing,All levels,Computer Science,Statistics,SQL,R,1,90000,
Los Angeles,Superformula,South CA,UX/IA Designer,Full time,Unknown,NA,Related Technical Field,NA,InVision,Google Sheets,1,NA,
Caspex,Sunnyvale,South CA,Senior Java/J2EE Developer,Full time,Unknown,NA,Related Technical Field,NA,Java,SQL,1,NA,
Carpinteria,Procore Technologies,South CA,Senior Data Analyst,Full time,Information Technology,BS/BA,Computer Science,Statistics,SQL,Tableau,3,59000,
San Francisco,SpotOn,North CA,Underwriter I - Data Entry,Full time,Business Services,NA,Related Technical Field,NA,Related Tools for Analysis,Related Programming Language,1,35000,
San Francisco,AirPR,North CA,DATA ENGINEER,Full time,Information Technology,All levels,Computer Science,Statistics,MLlib,R,1,NA,
San Mateo,Acumen,North CA,Data and Policy Analyst - Writer/Coordinator,Full time,Government,NA,Statistics,Related Technical Field,Related Tools for Analysis,Related Programming Language,1,NA,
San Mateo,Acumen,North CA,Data and Policy Analyst - Statistical Programmer,Full time,Government,NA,Statistics,Related Technical Field,STATA,SAS,1,NA,
Los Angeles,NEXT Trucking,South CA,Senior Software Engineer - Data (Remote OK),Full time,Transportation & Logistics,BS,Computer Science,Related Technical Field,Java Microservice,Related Tools for Analysis,7,NA,
Northridge,Pharmavite,South CA,Data Engineer,Full time,Manufacturing,NA,Data engineering,Data management,Java,Python,7,112000,
Los Angeles,Honey,South CA,Senior Data Scientist,Full time,Information Technology,NA,Data Science,Related Technical Field,SQL,Python,5,NA,
Los Angeles,Honey,South CA,Senior Data Engineer,Full time,Information Technology,NA,Statistics,Related Technical Field,SQL,Python,5,NA,
Los Angeles,drchrono,South CA,Back-End Developer & API,Full time,Health Care,BS/BA,Computer Science,Web Development,Python,HTML,2,51000,
Los Angeles,SADA Systems Inc.,South CA,Senior Software Engineer,Full time,Information Technology,NA,Related Technical Field,NA,Python,Java,3,89000,
Los Angeles,SADA Systems Inc.,South CA,Senior Software Engineer (Backend),Full time,Information Technology,BS/BA,Computer Science,Related Technical Field,Python,Java,2,89000,
Los Angeles,Eze Castle Integration,South CA,Senior Systems Engineer,Full time,SectorInformation Technology,BS/BA,Computer Science,Related Technical Field,Office 365,Azure,3,63000,
Pasadena,NASA Jet Propulsion Laboratory,South CA,Senior Instrument Data Software Engineer,Full time,Federal Agencies,BS/BA/MS,Computer Science,Related Technical Field,C/C++,Python,4,120000,
Manhattan Beach,BCG Digital Ventures,South CA,Senior Data Scientist,Full time,Internet,All levels,Computer Science,Statistics,SQL,Tableau,3,91000,
Northridge,Pharmavite,South CA,Process Development Engineer,Full time,Manufacturing,BSE,Chemical Engineering,Related Technical Field,AutoCAD,Excel,0,75000,
Burbank,Warner Bros,South CA,Data Engineer,Full time,Motion Picture Production & Distribution,BS,Computer Science,Related Technical Field,Python,Java,3,111000,
Los Angeles,SADA Systems Inc.,South CA,Cloud Engineer,Full time,IT Services,BS,Computer Science,Related Technical Field,Related Tools for Analysis,Azure,1,NA,
Mountain View,Qventus,North CA,Data Scientist,Full time,Enterprise Software & Network Solutions,All levels,Related Technical Field,NA,Python,SQL,4,NA,
Santa Clara,SoundHound Inc.,North CA,Data Center Operations Manager,Full time,Computer Hardware & Software,All levels,Related Technical Field,NA,TCP/IP,Related Tools for Analysis,1,68000,
Mountain View,American Century Investments,North CA,Data Scientist,Full time,Investment Banking & Asset Management,BS/MS,Computer Science,Statistics,R,Python,5,109000,
San Jose,First Tech Federal Credit Union,North CA,Data Modeler,Full time,Banks & Credit Unions,BS/BA,Business,Statistics,DDL,Microsoft SQL,7,78000,
Mountain View,Cumulus Networks,North CA,Principal Engineer - Network Data Plane,Full time,Computer Hardware & Software,NA,Related Technical Field,NA,ASICs,Related Tools for Analysis,10,NA,
Los Altos,Netskope,North CA,Data SRE,Full time,Enterprise Software & Network Solutions,BS/Above,Computer Science,Related Technical Field,Python,Ruby,4,NA,
Los Angeles,BeyondCurious,South CA,Manager of Data Architecture,Full time,Consulting,NA,Related Technical Field,NA,CMS,Related Tools for Analysis,3,NA,
El Segundo,Beachbody,South CA,Product Data Specialist,Full time,"Health, Beauty, & Fitness",NA,Related Technical Field,NA,Microsoft Office,Excel,1,45000,
Redondo Beach,Northrop Grumman,South CA,Engineer Software 3,Full time,Aerospace,All levels,Science,Engineering,Python,C/C++,0,NA,
Pasadena,Spokeo,South CA,Senior Data Architect,Full time,Internet,BS/BA,Computer Science,Related Technical Field,Athena,EMR,5,133000,
Burbank,Deluxe Entertainment,South CA,"Manager, Data",Full time,Motion Picture Production & Distribution,BS/BA,Related Technical Field,NA,Related Tools for Analysis,SAN,1,57000,
Santa Monica,Beachbody,South CA,"Senior Engineer, Data",Full time,"Health, Beauty, & Fitness",BS/BA,Computer Science,Related Technical Field,Tableau,Hbase,7,146000,
Los Angeles,Tinder,South CA,Data Analyst,Full time,IT Services,NA,Statistics,Related Technical Field,SQL,Python,3,73500,
Rosemead,Southern California Edison,South CA,Senior Data Scientist - Clean Energy,Full time,Utilities,All levels,Computer Science,Statistics,Python,R,8,128000,
Los Angeles,One Legacy,South CA,Systems Administrator,Full time,Health Care Services & Hospitals,NA,Related Technical Field,NA,Related Tools for Analysis,Microsoft SQL,2,73000,
Los Angeles,The Honest Company (Careers Page),South CA,Senior Data Engineer,Full time,Internet,BS/BA,Computer Science,Math,SQL,Python,5,161000,
Los Angeles,Connexity,South CA,Sr. Software Engineer,Full time,Advertising & Marketing,All levels,Computer Science,Related Technical Field,Java,Python,1,120000,
Los Angeles,Connexity,South CA,Experienced Software Engineer,Full time,Advertising & Marketing,BS,Computer Science,Related Technical Field,SQL,Related Tools for Analysis,4,103000,
Los Angeles,Mitsubishi UFJ Financial Group,South CA,"Senior .Net Developer, Assistant Vice President",Full time,Banks & Credit Unions,MS,Related Technical Field,NA,SQL,C/C++,5,NA,
Pasadena,Auspion,South CA,Software Development Engineer,Full time,Electrical & Electronic Manufacturing,BS/BA,Computer Science,Related Technical Field,C/C++,Java,2,NA,
Los Angeles,Gem,South CA,Front End Engineer,Full time,Enterprise Software & Network Solutions,NA,Related Technical Field,NA,HTML,JavaScript,5,NA,
Los Angeles,ServiceTitan,South CA,Senior Data Engineer,Full time,Computer Hardware & Software,NA,Related Technical Field,NA,SQL,Java,5,158000,
El Monte,East West Bank,South CA,Sr. Data Modeler Engineer,Full time,Investment Banking & Asset Management,NA,Information Systems,Computer Science,3NF,SQL,1,95000,
Los Angeles,ZestFinance,South CA,"Director, Data Science",Full time,Financial Analytics & Research,MS/PH.D,Computer Science,Statistics,SQL,R,3,112000,
Los Angeles,Omnigon,South CA,Data Engineer,Full time,Internet,BS,Computer Science,Related Technical Field,NoSQL,Elasticsearch,1,76000,
El Segundo,PeerStreet,South CA,Data Engineer,Full time,Real Estate,All levels,Data engineering,Related Technical Field,SQL,RDBMS,3,NA,
Los Angeles,Virgin Hyperloop One,South CA,Data Engineer,Full time,Transportation Management,All levels,Data engineering,Related Technical Field,Python,GO,1,106000,
